TYROSINE/Tyrosine/Tyrosine; CE10; OUYCCCASQSFEME-QMMMGPOBSA-N	-0.0826414958782726
NA	-0.125707228754637
NA	-0.268940405155941
NA	-0.153639291523133
NA	-0.460810653457176
NA	0.482803431008898
Cholesterol glucuronide	0.275905367424015
Phosphoribosyl pyrophosphate	-1.28246465366191
NA	2.51170653807418
NA	0.540244559798386
NA	0.322697960423234
NA	0.862262412082262
